Time,Sales Rank,New Price,List Price,Month
1/1/2024 21:35,110969,146.9,199.99,1
1/2/2024 5:35,134389,146.9,199.99,1
1/2/2024 13:36,96848,149.99,199.99,1
1/2/2024 19:36,94791,149.99,199.99,1
1/3/2024 1:37,109267,149.99,199.99,1
1/3/2024 9:38,133078,149.99,199.99,1
1/3/2024 17:39,127298,149.99,199.99,1
1/4/2024 1:39,126575,149.99,199.99,1
1/4/2024 9:40,154780,149.99,199.99,1
1/4/2024 17:41,146961,149.99,199.99,1
1/5/2024 1:41,143342,149.99,199.99,1
1/5/2024 9:42,159674,149.99,199.99,1
1/5/2024 17:43,94946,149.99,199.99,1
1/5/2024 23:43,104247,149.99,199.99,1
1/6/2024 7:44,85989,149.99,199.99,1
1/6/2024 13:45,107095,149.99,199.99,1
1/6/2024 21:45,63415,149.99,199.99,1
1/7/2024 3:46,76782,149.99,199.99,1
1/7/2024 9:47,70331,149.99,199.99,1
1/7/2024 15:48,84983,149.99,199.99,1
1/7/2024 21:48,88488,149.99,199.99,1
1/8/2024 3:49,98126,149.99,199.99,1
1/8/2024 9:50,86058,149.99,199.99,1
1/8/2024 15:51,98781,149.99,199.99,1
1/8/2024 21:52,99456,149.99,199.99,1
1/9/2024 3:52,105926,149.99,199.99,1
1/9/2024 11:53,71131,149.99,199.99,1
1/9/2024 17:54,75660,149.99,199.99,1
1/9/2024 23:55,78501,149.99,199.99,1
1/10/2024 5:56,100559,149.99,199.99,1
1/10/2024 13:57,117181,149.99,199.99,1
1/10/2024 21:57,110667,149.99,199.99,1
1/11/2024 5:58,60415,149.99,199.99,1
1/11/2024 11:59,83107,149.99,199.99,1
1/11/2024 18:01,84518,149.99,199.99,1
1/12/2024 0:02,87840,149.99,199.99,1
1/12/2024 6:03,105510,149.99,199.99,1
1/12/2024 14:04,124439,149.99,199.99,1
1/12/2024 22:05,115549,149.99,199.99,1
1/13/2024 6:06,63417,149.99,199.99,1
1/13/2024 12:07,85452,149.99,199.99,1
1/13/2024 18:10,83883,149.99,199.99,1
1/14/2024 0:11,86824,149.99,199.99,1
1/14/2024 6:12,115111,149.99,199.99,1
1/14/2024 14:12,129066,149.99,199.99,1
1/14/2024 22:13,116677,149.99,199.99,1
1/15/2024 6:13,139513,149.99,199.99,1
1/15/2024 14:14,88503,149.99,199.99,1
1/15/2024 20:16,89872,149.99,199.99,1
1/16/2024 2:16,113194,149.99,199.99,1
1/16/2024 10:17,84649,149.99,199.99,1
1/16/2024 16:18,94237,149.99,199.99,1
1/16/2024 22:19,100446,149.99,199.99,1
1/17/2024 6:20,118772,149.99,199.99,1
1/17/2024 14:20,86775,149.99,199.99,1
1/17/2024 20:21,86971,149.99,199.99,1
1/18/2024 2:22,108537,149.99,199.99,1
1/18/2024 10:23,128253,149.99,199.99,1
1/18/2024 18:24,119862,149.99,199.99,1
1/19/2024 2:24,127965,149.99,199.99,1
1/19/2024 10:25,144243,149.99,199.99,1
1/19/2024 18:26,136134,149.99,199.99,1
1/20/2024 2:27,137414,149.99,199.99,1
1/20/2024 10:28,153737,149.99,199.99,1
1/20/2024 18:28,142883,149.99,199.99,1
1/21/2024 2:29,144735,149.99,199.99,1
1/21/2024 10:30,161882,149.99,199.99,1
1/21/2024 18:30,154166,149.99,199.99,1
1/22/2024 2:31,147004,149.99,199.99,1
1/22/2024 10:32,98526,149.99,199.99,1
1/22/2024 16:33,112521,149.99,199.99,1
1/23/2024 0:33,114269,149.99,199.99,1
1/23/2024 8:34,148271,149.99,199.99,1
1/23/2024 16:35,142178,149.99,199.99,1
1/24/2024 0:36,129665,149.99,199.99,1
1/24/2024 8:37,154493,149.99,199.99,1
1/24/2024 16:37,150754,149.99,199.99,1
1/25/2024 0:38,137786,149.99,199.99,1
1/25/2024 8:39,97927,149.99,199.99,1
1/25/2024 14:40,118798,149.99,199.99,1
1/25/2024 22:41,110895,149.99,199.99,1
1/26/2024 6:41,134076,149.99,199.99,1
1/26/2024 14:42,143862,149.99,199.99,1
1/26/2024 22:43,130046,149.99,199.99,1
1/27/2024 6:44,148850,139.99,199.99,1
1/27/2024 14:45,155118,139.99,199.99,1
1/27/2024 22:45,75680,139.99,199.99,1
1/28/2024 4:46,92294,139.99,199.99,1
1/28/2024 10:47,123072,139.99,199.99,1
1/28/2024 18:48,121164,139.99,199.99,1
1/29/2024 2:49,138586,130.23,199.99,1
1/29/2024 10:49,104580,130.23,199.99,1
1/29/2024 19:07,108970,129.99,199.99,1
1/30/2024 3:07,126727,129.99,199.99,1
1/30/2024 11:08,145363,129.99,199.99,1
1/30/2024 19:11,137685,129.99,199.99,1
1/31/2024 3:12,56792,129.99,199.99,1
1/31/2024 9:13,71960,129.99,199.99,1
1/31/2024 15:28,92867,129.99,199.99,1
1/31/2024 21:32,94813,129.99,199.99,1
2/1/2024 3:32,120726,129.99,199.99,2
2/1/2024 11:33,139014,129.99,199.99,2
2/1/2024 19:34,125651,129.99,199.99,2
2/2/2024 3:35,131075,134.99,199.99,2
2/2/2024 11:35,75599,134.99,199.99,2
2/2/2024 17:36,85896,134.99,199.99,2
2/2/2024 23:37,96809,134.99,199.99,2
2/3/2024 5:37,120395,134.99,199.99,2
2/3/2024 13:38,131727,125.99,199.99,2
2/3/2024 21:39,116407,125.99,199.99,2
2/4/2024 5:40,149630,125.99,199.99,2
2/4/2024 13:40,90569,125.99,199.99,2
2/4/2024 19:41,93511,133.99,199.99,2
2/5/2024 1:42,63878,133.99,199.99,2
2/5/2024 7:43,95647,123.99,199.99,2
2/5/2024 13:43,119557,123.99,199.99,2
2/5/2024 21:46,110611,132.75,199.99,2
2/6/2024 5:47,142987,132.75,199.99,2
2/6/2024 13:48,152203,123.99,199.99,2
2/6/2024 21:48,84247,129.99,199.99,2
2/7/2024 3:49,65206,129.99,199.99,2
2/7/2024 9:50,67821,129.99,199.99,2
2/7/2024 15:52,59668,129.99,199.99,2
2/7/2024 21:54,70348,129.99,199.99,2
2/8/2024 3:55,59140,129.99,199.99,2
2/8/2024 9:56,81441,129.99,199.99,2
2/8/2024 15:58,87826,129.99,199.99,2
2/8/2024 21:59,93499,129.99,199.99,2
2/9/2024 4:00,106765,129.99,199.99,2
2/9/2024 12:01,132970,129.99,199.99,2
2/9/2024 20:02,116070,129.99,199.99,2
2/10/2024 4:03,131138,129.99,199.99,2
2/10/2024 12:03,74296,129.99,199.99,2
2/10/2024 18:04,57222,129.99,199.99,2
2/11/2024 0:05,65322,129.99,199.99,2
2/11/2024 6:06,67778,129.99,199.99,2
2/11/2024 12:06,86855,119.99,199.99,2
2/11/2024 18:07,85126,119.99,199.99,2
2/12/2024 0:07,86654,119.99,199.99,2
2/12/2024 6:08,76419,119.99,199.99,2
2/12/2024 12:09,67403,119.99,199.99,2
2/12/2024 18:09,71314,119.99,199.99,2
2/13/2024 0:10,73720,128.75,199.99,2
2/13/2024 6:11,98858,128.75,199.99,2
2/13/2024 12:11,77421,128.75,199.99,2
2/13/2024 18:12,78832,128.75,199.99,2
2/14/2024 0:13,94477,128.75,199.99,2
2/14/2024 6:13,103140,128.75,199.99,2
2/14/2024 14:13,121261,128.75,199.99,2
2/14/2024 22:20,70429,128.75,199.99,2
2/15/2024 4:21,95196,119.99,199.99,2
2/15/2024 10:22,113930,119.99,199.99,2
2/15/2024 18:22,107631,119.99,199.99,2
2/16/2024 2:23,120874,119.99,199.99,2
2/16/2024 10:25,139007,129.99,199.99,2
2/16/2024 18:25,127776,129.99,199.99,2
2/17/2024 2:26,81892,129.99,199.99,2
2/17/2024 8:27,110250,129.99,199.99,2
2/17/2024 16:27,118748,129.99,199.99,2
2/18/2024 0:29,122484,129.99,199.99,2
2/18/2024 8:30,149924,129.99,199.99,2
2/18/2024 16:30,149823,129.99,199.99,2
2/19/2024 0:32,134847,129.99,199.99,2
2/19/2024 8:33,163540,129.99,199.99,2
2/19/2024 16:35,156120,129.99,199.99,2
2/20/2024 0:51,145271,134.99,199.99,2
2/20/2024 8:53,75660,134.99,199.99,2
2/20/2024 14:54,69072,134.99,199.99,2
2/20/2024 21:00,73630,134.99,199.99,2
2/21/2024 3:07,65669,134.99,199.99,2
2/21/2024 9:07,68062,139.99,199.99,2
2/21/2024 15:08,75160,135.79,199.99,2
2/21/2024 21:09,75739,127.99,199.99,2
2/22/2024 3:10,98283,127.99,199.99,2
2/22/2024 9:11,73556,127.99,199.99,2
2/22/2024 15:12,84679,127.99,199.99,2
2/22/2024 21:13,84325,127.99,199.99,2
2/23/2024 3:14,106450,127.99,199.99,2
2/23/2024 11:15,67226,127.99,199.99,2
2/23/2024 17:16,77802,127.99,199.99,2
2/23/2024 23:16,87154,127.99,199.99,2
2/24/2024 5:17,78075,127.99,199.99,2
2/24/2024 11:18,87835,127.99,199.99,2
2/24/2024 17:19,93837,127.99,199.99,2
2/24/2024 23:22,43443,127.99,199.99,2
2/25/2024 5:23,44461,127.45,199.99,2
2/25/2024 11:24,61878,127.45,199.99,2
2/25/2024 17:25,64553,127.45,199.99,2
2/25/2024 23:26,68551,127.45,199.99,2
2/26/2024 5:27,58770,127.45,199.99,2
2/26/2024 11:28,64838,127.45,199.99,2
2/26/2024 17:29,51981,135.79,199.99,2
2/26/2024 23:30,60266,135.79,199.99,2
2/27/2024 5:31,58404,135.79,199.99,2
2/27/2024 11:34,61202,135.79,199.99,2
2/27/2024 17:35,63625,135.79,199.99,2
2/27/2024 23:35,49642,135.79,199.99,2
2/28/2024 5:36,71229,135.79,199.99,2
2/28/2024 11:37,66776,124.99,199.99,2
2/28/2024 17:38,68571,135.79,199.99,2
2/28/2024 23:39,75063,135.75,199.99,2
2/29/2024 5:40,73524,135.75,199.99,2
2/29/2024 11:40,84500,124.99,199.99,2
2/29/2024 17:41,91003,124.99,199.99,2
2/29/2024 23:42,63656,124.99,199.99,2
3/1/2024 5:47,86844,124.99,199.99,3
3/1/2024 11:48,70998,124.99,199.99,3
3/1/2024 17:49,59612,124.99,199.99,3
3/1/2024 23:50,69851,124.99,199.99,3
3/2/2024 5:50,92811,135.75,199.99,3
3/2/2024 11:51,106033,135.75,199.99,3
3/2/2024 19:52,97955,135.75,199.99,3
3/3/2024 1:53,74467,135.71,199.99,3
3/3/2024 7:54,102806,124.99,199.99,3
3/3/2024 15:54,70700,124.99,199.99,3
3/3/2024 21:55,78685,124.99,199.99,3
3/4/2024 3:56,106747,124.99,199.99,3
3/4/2024 11:57,81594,134.75,199.99,3
3/4/2024 18:00,86673,134.75,199.99,3
3/5/2024 0:01,90727,134.75,199.99,3
3/5/2024 6:14,55772,134.75,199.99,3
3/5/2024 12:15,81462,134.75,199.99,3
3/5/2024 18:15,85749,134.75,199.99,3
3/6/2024 0:16,99961,134.75,199.99,3
3/6/2024 6:17,48883,134.75,199.99,3
3/6/2024 12:18,65066,134.75,199.99,3
3/6/2024 18:19,67619,134.75,199.99,3
3/7/2024 0:20,53566,134.75,199.99,3
3/7/2024 6:22,54968,134.75,199.99,3
3/7/2024 12:23,51519,134.75,199.99,3
3/7/2024 18:24,62533,134.75,199.99,3
3/8/2024 0:25,70963,134.75,199.99,3
3/8/2024 6:26,50477,134.75,199.99,3
3/8/2024 12:27,71227,134.75,199.99,3
3/8/2024 18:27,72279,134.75,199.99,3
3/9/2024 0:28,56280,134.75,199.99,3
3/9/2024 6:29,37877,134.75,199.99,3
3/9/2024 12:30,45324,134.75,199.99,3
3/9/2024 18:31,49836,134.75,199.99,3
3/10/2024 0:32,65428,134.75,199.99,3
3/10/2024 6:33,58261,134.75,199.99,3
3/10/2024 12:34,43916,134.75,199.99,3
3/10/2024 18:34,40669,134.75,199.99,3
3/11/2024 0:35,45650,134.75,199.99,3
3/11/2024 6:36,40499,134.75,199.99,3
3/11/2024 12:37,36270,134.75,199.99,3
3/11/2024 18:38,41063,134.75,199.99,3
3/12/2024 0:39,53634,134.75,199.99,3
3/12/2024 6:40,53759,134.75,199.99,3
3/12/2024 12:40,50921,134.75,199.99,3
3/12/2024 18:41,45945,134.75,199.99,3
3/13/2024 0:42,36944,134.75,199.99,3
3/13/2024 6:43,42062,134.75,199.99,3
3/13/2024 12:44,42183,134.75,199.99,3
3/13/2024 18:45,47515,134.75,199.99,3
3/14/2024 0:46,50783,134.75,199.99,3
3/14/2024 6:47,55885,134.75,199.99,3
3/14/2024 12:47,72215,134.75,199.99,3
3/14/2024 18:48,71026,134.75,199.99,3
3/15/2024 0:49,84035,134.75,199.99,3
3/15/2024 6:50,93752,134.75,199.99,3
3/15/2024 12:51,107870,134.75,199.99,3
3/15/2024 20:52,99383,134.75,199.99,3
3/16/2024 2:53,82859,134.75,199.99,3
3/16/2024 8:54,76228,134.75,199.99,3
3/16/2024 14:55,82984,134.75,199.99,3
3/16/2024 20:55,81567,134.75,199.99,3
3/17/2024 2:56,110772,134.75,199.99,3
3/17/2024 10:57,133597,122.99,199.99,3
3/17/2024 18:58,71959,122.99,199.99,3
3/18/2024 0:59,98768,122.99,199.99,3
3/18/2024 7:00,115732,122.99,199.99,3
3/18/2024 15:00,83542,122.99,199.99,3
3/18/2024 21:02,84972,134,199.99,3
3/19/2024 9:04,80991,122.99,199.99,3
3/19/2024 15:04,96191,122.99,199.99,3
3/19/2024 21:05,99663,122.99,199.99,3
3/20/2024 3:06,84856,122.99,199.99,3
3/20/2024 9:07,66186,131.75,199.99,3
3/20/2024 15:08,66696,131.75,199.99,3
3/20/2024 21:09,73377,131.75,199.99,3
3/21/2024 3:10,45273,131.75,199.99,3
3/21/2024 9:10,45182,131.75,199.99,3
3/21/2024 15:11,42072,119.99,199.99,3
3/21/2024 21:12,37752,119.99,199.99,3
3/22/2024 3:13,56310,119.99,199.99,3
3/22/2024 9:14,65856,119.99,199.99,3
3/22/2024 15:15,78371,119.99,199.99,3
3/22/2024 21:16,78016,119.99,199.99,3
3/23/2024 3:17,95842,119.99,199.99,3
3/23/2024 9:18,107591,119.99,199.99,3
3/23/2024 17:19,69844,119.99,199.99,3
3/23/2024 23:19,45185,119.99,199.99,3
3/24/2024 5:20,73832,119.99,199.99,3
3/24/2024 11:21,81125,119.99,199.99,3
3/24/2024 17:22,85988,119.99,199.99,3
3/24/2024 23:22,94823,119.99,199.99,3
3/25/2024 5:23,86059,119.99,199.99,3
3/25/2024 11:24,72320,119.4,199.99,3
3/25/2024 17:25,64976,119.4,199.99,3
3/25/2024 23:25,69122,119.4,199.99,3
3/26/2024 5:26,99567,119.4,199.99,3
3/26/2024 11:27,111047,119.4,199.99,3
3/26/2024 19:28,106389,119.4,199.99,3
3/27/2024 3:28,49059,119.4,199.99,3
3/27/2024 9:29,48820,119.4,199.99,3
3/27/2024 15:30,58916,119.4,199.99,3
3/27/2024 21:31,60534,119.4,199.99,3
3/28/2024 3:32,61540,119.4,199.99,3
3/28/2024 9:33,60263,119.4,199.99,3
3/28/2024 15:33,66651,119.4,199.99,3
3/28/2024 21:36,68743,119.4,199.99,3
3/29/2024 3:37,88971,119.4,199.99,3
3/29/2024 9:37,64865,119.4,199.99,3
3/29/2024 15:38,72207,119.4,199.99,3
3/29/2024 21:39,54823,119.3,199.99,3
3/30/2024 3:40,51107,119.3,199.99,3
3/30/2024 9:41,43872,119.3,199.99,3
3/30/2024 15:41,53117,119.3,199.99,3
3/30/2024 21:42,44795,119.3,199.99,3
3/31/2024 3:43,52188,119.3,199.99,3
3/31/2024 9:44,62511,119.3,199.99,3
3/31/2024 15:45,71784,129.99,199.99,3
3/31/2024 21:46,74443,129.99,199.99,3
4/1/2024 3:47,96514,129.99,199.99,4
4/1/2024 9:47,69614,129.99,199.99,4
4/1/2024 15:48,64826,129.99,199.99,4
4/1/2024 21:50,54557,129.99,199.99,4
4/2/2024 4:10,49344,129.99,199.99,4
4/2/2024 10:11,38801,129.99,199.99,4
4/2/2024 22:12,44747,129.99,199.99,4
4/3/2024 4:13,51983,129.99,199.99,4
4/3/2024 10:14,70302,129.99,199.99,4
4/3/2024 16:15,70007,129.99,199.99,4
4/3/2024 22:16,52789,129.99,199.99,4
4/4/2024 4:16,72362,129.99,199.99,4
4/4/2024 10:17,90301,129.99,199.99,4
4/4/2024 16:18,69270,129.99,199.99,4
4/4/2024 22:19,77740,129.99,199.99,4
4/5/2024 4:20,60271,129.99,199.99,4
4/5/2024 10:21,61744,129.99,199.99,4
4/5/2024 16:22,55305,129.99,199.99,4
4/5/2024 22:23,65581,129.99,199.99,4
4/6/2024 4:24,65686,117.99,199.99,4
4/6/2024 10:25,37936,117.99,199.99,4
4/6/2024 16:26,47098,117.99,199.99,4
4/6/2024 22:26,44260,117.99,199.99,4
4/7/2024 4:27,35975,117.99,199.99,4
4/7/2024 10:28,44279,117.99,199.99,4
4/7/2024 16:29,53603,117.99,199.99,4
4/7/2024 22:29,47423,117.8,199.99,4
4/8/2024 4:30,44172,129.99,199.99,4
4/8/2024 10:31,39666,129.99,199.99,4
4/8/2024 16:32,42678,129.99,199.99,4
4/8/2024 22:34,48581,129.99,199.99,4
4/9/2024 4:36,45581,129.99,199.99,4
4/9/2024 10:37,37411,129.99,199.99,4
4/9/2024 16:37,41058,129.99,199.99,4
4/9/2024 22:38,47031,129.99,199.99,4
4/10/2024 4:39,42509,129.99,199.99,4
4/10/2024 10:40,50992,129.99,199.99,4
4/10/2024 16:41,32440,129.99,199.99,4
4/10/2024 22:41,27838,129.99,199.99,4
4/11/2024 4:42,27279,129.99,199.99,4
4/11/2024 22:45,33150,129.99,199.99,4
4/12/2024 4:46,44801,129.99,199.99,4
4/12/2024 10:47,59870,129.99,199.99,4
4/12/2024 16:47,59611,129.99,199.99,4
4/12/2024 22:48,49343,129.99,199.99,4
4/13/2024 4:49,47079,129.99,199.99,4
4/13/2024 10:50,44109,129.99,199.99,4
4/13/2024 16:50,49333,129.99,199.99,4
4/13/2024 22:51,59541,129.99,199.99,4
4/14/2024 4:52,40362,129.99,199.99,4
4/14/2024 10:53,45594,129.99,199.99,4
4/14/2024 16:54,47946,129.99,199.99,4
4/14/2024 22:54,56663,129.99,199.99,4
4/15/2024 4:55,41025,129.99,199.99,4
4/15/2024 10:56,50403,129.99,199.99,4
4/15/2024 16:57,33097,129.99,199.99,4
4/15/2024 22:57,28932,129.99,199.99,4
4/16/2024 4:58,34118,129.99,199.99,4
4/16/2024 10:59,38376,129.99,199.99,4
4/16/2024 17:00,40327,129.99,199.99,4
4/16/2024 23:01,35762,129.99,199.99,4
4/17/2024 5:01,36376,129.99,199.99,4
4/17/2024 11:02,43900,117.99,199.99,4
4/17/2024 17:03,41051,117.99,199.99,4
4/17/2024 23:04,43112,117.99,199.99,4
4/18/2024 5:04,35757,117.99,199.99,4
4/18/2024 11:05,30919,117.99,199.99,4
4/18/2024 17:06,32030,117.99,199.99,4
4/18/2024 23:07,37046,117.99,199.99,4
4/19/2024 5:07,32253,117.99,199.99,4
4/19/2024 11:08,46918,117.99,199.99,4
4/19/2024 17:09,50046,117.99,199.99,4
4/19/2024 23:10,57772,117.99,199.99,4
4/20/2024 5:11,57434,117.99,199.99,4
4/20/2024 11:12,66034,117.99,199.99,4
4/20/2024 17:13,53859,117.99,199.99,4
4/20/2024 23:13,50429,117.99,199.99,4
4/21/2024 5:14,60240,125.99,199.99,4
4/21/2024 11:15,74315,125.99,199.99,4
4/21/2024 17:16,72953,125.99,199.99,4
4/21/2024 23:16,41122,125.99,199.99,4
4/22/2024 5:17,64212,125.99,199.99,4
4/22/2024 11:18,66301,125.99,199.99,4
4/22/2024 17:19,68580,125.99,199.99,4
4/22/2024 23:20,52213,125.99,199.99,4
4/23/2024 5:21,54999,125.99,199.99,4
4/23/2024 11:21,48549,125.99,199.99,4
4/23/2024 17:22,54846,125.99,199.99,4
4/23/2024 23:23,54323,125.99,199.99,4
4/24/2024 5:24,49149,125.99,199.99,4
4/24/2024 11:25,50627,125.99,199.99,4
4/24/2024 17:26,59386,125.99,199.99,4
4/24/2024 23:27,68736,125.99,199.99,4
4/25/2024 5:27,86175,125.99,199.99,4
4/25/2024 11:28,96299,125.99,199.99,4
4/25/2024 17:29,73143,125.99,199.99,4
4/25/2024 23:30,81505,125.99,199.99,4
4/26/2024 5:31,97618,116.6,199.99,4
4/26/2024 11:32,84230,116.6,199.99,4
4/26/2024 17:32,60742,116.6,199.99,4
4/26/2024 23:33,63007,125.99,199.99,4
4/27/2024 5:34,53900,125.99,199.99,4
4/27/2024 11:35,56247,125.99,199.99,4
4/27/2024 17:35,57759,125.99,199.99,4
4/27/2024 23:36,67313,125.99,199.99,4
4/28/2024 5:37,64103,125.99,199.99,4
4/28/2024 11:38,82093,125.99,199.99,4
4/28/2024 17:39,62330,125.99,199.99,4
4/28/2024 23:39,48565,125.99,199.99,4
4/29/2024 5:40,48914,125.99,199.99,4
4/29/2024 11:41,61659,125.99,199.99,4
4/29/2024 17:42,58062,129.99,199.99,4
4/29/2024 23:43,39334,125.99,199.99,4
4/30/2024 5:44,52890,125.99,199.99,4
4/30/2024 11:45,54808,117.14,199.99,4
4/30/2024 17:45,49124,117.14,199.99,4
4/30/2024 23:46,60279,117.14,199.99,4
5/1/2024 5:47,49094,117.14,199.99,5
5/1/2024 11:48,47300,117.14,199.99,5
5/1/2024 17:49,49663,117.14,199.99,5
5/1/2024 23:50,59739,117.14,199.99,5
5/2/2024 5:51,61036,117.14,199.99,5
5/2/2024 11:51,39091,117.14,199.99,5
5/2/2024 17:52,37763,117.14,199.99,5
5/2/2024 23:53,44839,117.14,199.99,5
5/3/2024 5:54,62473,117.14,199.99,5
5/3/2024 11:55,60411,117.14,199.99,5
5/3/2024 17:55,61557,117.14,199.99,5
5/3/2024 23:56,39575,117.14,199.99,5
5/4/2024 5:57,50535,117.14,199.99,5
5/4/2024 11:58,54040,117.14,199.99,5
5/4/2024 17:59,55985,117.14,199.99,5
5/4/2024 23:59,55850,117.14,199.99,5
5/5/2024 6:00,64878,117.14,199.99,5
5/5/2024 12:01,56233,117.14,199.99,5
5/5/2024 18:02,58659,117.14,199.99,5
5/6/2024 0:03,76522,117.14,199.99,5
5/6/2024 6:04,89666,117.14,199.99,5
5/6/2024 12:04,106450,117.14,199.99,5
5/6/2024 20:06,73782,117.14,199.99,5
5/7/2024 2:06,66273,117.14,199.99,5
5/7/2024 8:07,92141,117.14,199.99,5
5/7/2024 14:08,76481,117.14,199.99,5
5/7/2024 20:09,76469,117.14,199.99,5
5/8/2024 2:10,93540,117.14,199.99,5
5/8/2024 8:10,51429,117.14,199.99,5
5/8/2024 14:11,56311,117.14,199.99,5
5/8/2024 20:12,44903,117.14,199.99,5
5/9/2024 2:13,50594,117.14,199.99,5
5/9/2024 8:13,44031,117.14,199.99,5
5/9/2024 14:14,57633,117.14,199.99,5
5/9/2024 20:15,57815,117.14,199.99,5
5/10/2024 2:15,78289,117.14,199.99,5
5/10/2024 8:16,72642,117.14,199.99,5
5/10/2024 14:17,81496,117.14,199.99,5
5/10/2024 20:18,54723,117.14,199.99,5
5/11/2024 2:19,55346,117.14,199.99,5
5/11/2024 8:19,39460,117.14,199.99,5
5/11/2024 14:20,40047,117.14,199.99,5
5/11/2024 20:20,45785,117.14,199.99,5
5/12/2024 2:21,33853,117.99,199.99,5
5/12/2024 8:22,31434,117.99,199.99,5
5/12/2024 14:22,29142,117.99,199.99,5
5/12/2024 20:23,34544,117.99,199.99,5
5/13/2024 2:24,42048,117.99,199.99,5
5/13/2024 8:25,50100,117.99,199.99,5
5/13/2024 14:25,51097,117.99,199.99,5
5/13/2024 20:26,53758,117.99,199.99,5
5/14/2024 2:27,49199,117.99,199.99,5
5/14/2024 8:28,68236,117.99,199.99,5
5/14/2024 14:30,66712,117.99,199.99,5
5/14/2024 20:31,67863,117.99,199.99,5
5/15/2024 2:32,88041,117.99,199.99,5
5/15/2024 8:33,97008,117.99,199.99,5
5/15/2024 14:34,104521,117.99,199.99,5
5/15/2024 22:34,100329,117.99,199.99,5
5/16/2024 6:35,58569,117.99,199.99,5
5/16/2024 12:36,49258,117.99,199.99,5
5/16/2024 18:37,44883,117.99,199.99,5
5/17/2024 0:38,34056,117.99,199.99,5
5/17/2024 6:38,39076,117.99,199.99,5
5/17/2024 12:39,34590,117.99,199.99,5
5/17/2024 18:40,39025,117.99,199.99,5
5/18/2024 0:41,47118,117.99,199.99,5
5/18/2024 6:41,39549,117.99,199.99,5
5/18/2024 12:42,41557,117.99,199.99,5
5/19/2024 0:44,48613,117.99,199.99,5
5/19/2024 6:45,44298,117.99,199.99,5
5/19/2024 12:45,40140,117.99,199.99,5
5/19/2024 18:46,42449,117.99,199.99,5
5/20/2024 0:47,58000,117.99,199.99,5
5/20/2024 6:47,55204,117.99,199.99,5
5/20/2024 12:53,65505,117.99,199.99,5
5/20/2024 18:54,64505,117.99,199.99,5
5/21/2024 0:55,68227,117.99,199.99,5
5/21/2024 6:56,51997,117.99,199.99,5
5/21/2024 12:57,56310,117.99,199.99,5
5/21/2024 18:58,45296,117.99,199.99,5
5/22/2024 0:59,37015,117.99,199.99,5
5/22/2024 7:00,32283,117.99,199.99,5
5/22/2024 13:01,42402,120.99,199.99,5
5/22/2024 19:01,44404,120.99,199.99,5
5/23/2024 1:02,46828,120.99,199.99,5
5/23/2024 7:03,46845,120.99,199.99,5
5/23/2024 13:03,40941,120.99,199.99,5
5/23/2024 19:04,34816,120.99,199.99,5
5/24/2024 1:05,35461,120.99,199.99,5
5/24/2024 7:06,42268,120.99,199.99,5
5/24/2024 13:06,47795,120.99,199.99,5
5/24/2024 19:07,51234,120.99,199.99,5
5/25/2024 1:08,37337,120.99,199.99,5
5/25/2024 7:09,43964,120.99,199.99,5
5/25/2024 13:10,38539,120.99,199.99,5
5/25/2024 19:11,42563,120.99,199.99,5
5/26/2024 1:11,39926,120.99,199.99,5
5/26/2024 7:12,42659,120.99,199.99,5
5/26/2024 13:13,47906,120.99,199.99,5
5/26/2024 19:13,48676,120.99,199.99,5
5/27/2024 1:14,67764,120.99,199.99,5
5/27/2024 7:15,75947,120.99,199.99,5
5/27/2024 13:16,86990,120.99,199.99,5
5/27/2024 19:17,80241,120.99,199.99,5
5/28/2024 1:18,56234,120.99,199.99,5
5/28/2024 7:19,54668,125.99,199.99,5
5/28/2024 13:20,54011,125.99,199.99,5
5/28/2024 19:21,58340,125.99,199.99,5
5/29/2024 1:22,55708,125.99,199.99,5
5/29/2024 7:23,49321,125.99,199.99,5
5/29/2024 13:24,58353,125.99,199.99,5
5/29/2024 19:24,60333,125.99,199.99,5
5/30/2024 1:25,77337,125.99,199.99,5
5/30/2024 7:26,75197,125.99,199.99,5
5/30/2024 13:27,50981,125.99,199.99,5
5/30/2024 19:28,45846,125.99,199.99,5
5/31/2024 1:28,50000,125.99,199.99,5
5/31/2024 7:29,45612,125.99,199.99,5
5/31/2024 13:30,51098,125.99,199.99,5
5/31/2024 19:31,51612,125.99,199.99,5
6/1/2024 1:31,69447,125.99,199.99,6
6/1/2024 7:32,52632,125.99,199.99,6
6/1/2024 13:33,62688,125.99,199.99,6
6/1/2024 19:34,41304,125.99,199.99,6
6/2/2024 1:34,39013,125.99,199.99,6
6/2/2024 7:35,49713,125.99,199.99,6
6/2/2024 13:36,59826,125.99,199.99,6
6/2/2024 19:37,59185,125.99,199.99,6
6/3/2024 1:37,58848,125.99,199.99,6
6/3/2024 7:38,69212,125.99,199.99,6
6/3/2024 13:39,49482,125.99,199.99,6
6/3/2024 19:42,50611,125.99,199.99,6
6/4/2024 1:42,47003,125.99,199.99,6
6/4/2024 7:43,54543,125.99,199.99,6
6/4/2024 13:44,67827,125.99,199.99,6
6/4/2024 19:44,66482,125.99,199.99,6
6/5/2024 1:45,50696,125.99,199.99,6
6/5/2024 7:46,71184,125.99,199.99,6
6/5/2024 13:46,83471,125.99,199.99,6
6/5/2024 19:47,80596,125.99,199.99,6
6/6/2024 1:48,50787,125.99,199.99,6
6/6/2024 7:48,48502,125.99,199.99,6
6/6/2024 13:49,68533,125.99,199.99,6
6/6/2024 19:50,69100,125.99,199.99,6
6/7/2024 1:51,78142,125.99,199.99,6
6/7/2024 7:52,64018,125.99,199.99,6
6/7/2024 13:53,78562,125.99,199.99,6
6/7/2024 19:53,81656,125.99,199.99,6
6/8/2024 1:54,93734,125.99,199.99,6
6/8/2024 7:55,110086,125.99,199.99,6
6/8/2024 15:55,112397,125.99,199.99,6
6/8/2024 23:56,120246,125.99,199.99,6
6/9/2024 7:57,95602,125.99,199.99,6
6/9/2024 13:57,64103,125.99,199.99,6
6/9/2024 19:58,65763,125.99,199.99,6
6/10/2024 1:59,53631,125.99,199.99,6
6/10/2024 8:00,62573,139.99,199.99,6
6/10/2024 14:00,76799,139.99,199.99,6
6/10/2024 20:01,76247,139.99,199.99,6
6/11/2024 2:02,68643,139.99,199.99,6
6/11/2024 8:03,74589,139.99,199.99,6
6/11/2024 14:09,86414,139.99,199.99,6
6/11/2024 20:14,61997,139.99,199.99,6
6/12/2024 2:20,85032,,199.99,6
6/12/2024 8:20,110927,,199.99,6
6/12/2024 16:21,110574,,199.99,6
6/13/2024 0:22,116171,,199.99,6
6/13/2024 8:23,148059,,199.99,6
6/13/2024 16:32,138085,,199.99,6
6/14/2024 0:37,147085,,199.99,6
6/14/2024 8:38,170273,,199.99,6
6/14/2024 16:39,156923,,199.99,6
6/15/2024 0:39,156395,,199.99,6
6/15/2024 8:40,181815,,199.99,6
6/15/2024 16:41,166369,,199.99,6
6/16/2024 0:42,161316,,199.99,6
6/16/2024 8:42,190296,,199.99,6
6/16/2024 16:43,174034,,199.99,6
6/17/2024 0:44,91643,129.99,199.99,6
6/17/2024 6:45,129334,129.99,199.99,6
6/17/2024 14:46,147357,129.99,199.99,6
6/17/2024 22:46,95481,129.99,199.99,6
6/18/2024 4:47,128422,129.99,199.99,6
6/18/2024 12:48,98062,129.99,199.99,6
6/18/2024 18:49,66625,129.99,199.99,6
6/19/2024 0:49,79017,129.99,199.99,6
6/19/2024 6:50,93236,129.99,199.99,6
6/19/2024 12:51,124075,129.99,199.99,6
6/19/2024 20:52,121989,129.99,199.99,6
6/20/2024 4:53,111316,129.99,199.99,6
6/20/2024 12:53,94364,129.99,199.99,6
6/20/2024 18:54,99549,129.99,199.99,6
6/21/2024 1:15,110089,139.99,199.99,6
6/21/2024 9:31,106836,139.99,199.99,6
6/21/2024 17:32,108544,139.98,199.99,6
6/22/2024 1:33,127042,139.98,199.99,6
6/22/2024 9:34,148362,139.98,199.99,6
6/22/2024 17:35,139431,139.98,199.99,6
6/23/2024 1:36,150067,139.98,199.99,6
6/23/2024 9:37,98685,139.98,199.99,6
6/23/2024 15:37,106228,139.98,199.99,6
6/23/2024 23:38,128617,139.98,199.99,6
6/24/2024 7:39,97679,139.98,199.99,6
6/24/2024 13:40,117195,139.98,199.99,6
6/24/2024 21:40,126774,139.98,199.99,6
6/25/2024 5:41,152974,139.98,199.99,6
6/25/2024 13:42,170954,139.98,199.99,6
6/25/2024 21:43,155820,139.98,199.99,6
6/26/2024 5:44,174216,139.98,199.99,6
6/26/2024 13:45,189034,139.98,199.99,6
6/26/2024 21:45,166061,139.98,199.99,6
6/27/2024 5:46,185429,139.98,199.99,6
6/27/2024 13:47,197933,139.98,199.99,6
6/27/2024 21:48,174931,139.98,199.99,6
6/28/2024 5:49,81189,139.98,199.99,6
6/28/2024 11:50,109410,139.98,199.99,6
6/28/2024 19:51,122736,139.98,199.99,6
6/29/2024 3:51,147489,139.98,199.99,6
6/29/2024 11:52,163917,139.98,199.99,6
6/29/2024 19:53,148751,139.98,199.99,6
6/30/2024 3:54,169264,134.89,199.99,6
6/30/2024 11:54,186038,134.89,199.99,6
6/30/2024 19:55,165152,134.89,199.99,6
7/1/2024 3:56,107594,134.89,199.99,7
7/1/2024 11:57,159274,134.89,199.99,7
7/1/2024 19:57,145714,134.89,199.99,7
7/2/2024 3:58,170847,134,199.99,7
7/2/2024 11:59,192686,134,199.99,7
7/2/2024 20:00,168536,134,199.99,7
7/3/2024 4:00,181919,134,199.99,7
7/3/2024 12:01,74062,134,199.99,7
7/3/2024 18:02,88640,134,199.99,7
7/4/2024 0:03,90944,134,199.99,7
7/4/2024 6:06,89579,134,199.99,7
7/4/2024 12:09,138412,134.9,199.99,7
7/4/2024 20:09,137579,134.9,199.99,7
7/5/2024 4:10,95408,134.9,199.99,7
7/5/2024 10:11,124211,134.9,199.99,7
7/5/2024 18:12,125665,134,199.99,7
7/6/2024 2:12,155653,134,199.99,7
7/6/2024 10:13,172946,134,199.99,7
7/6/2024 18:14,163714,134,199.99,7
7/7/2024 2:15,109654,134,199.99,7
7/7/2024 10:15,130486,134,199.99,7
7/7/2024 18:16,102987,134,199.99,7
7/8/2024 2:17,142250,134,199.99,7
7/8/2024 10:17,79570,134,199.99,7
7/8/2024 16:19,74193,134,199.99,7
7/8/2024 22:20,77505,134,199.99,7
7/9/2024 4:21,108900,134,199.99,7
7/9/2024 12:22,132816,134,199.99,7
7/9/2024 20:23,126281,134,199.99,7
7/10/2024 5:19,111416,134,199.99,7
7/10/2024 13:20,136393,134,199.99,7
7/10/2024 21:21,80134,159.99,199.99,7
7/11/2024 3:22,94438,159.99,199.99,7
7/11/2024 9:23,122844,159.99,199.99,7
7/11/2024 17:24,136053,159.99,199.99,7
7/12/2024 1:24,144680,159.99,199.99,7
7/12/2024 9:25,165156,159.99,199.99,7
7/12/2024 17:26,160101,159.99,199.99,7
7/13/2024 1:27,162800,159.99,199.99,7
7/13/2024 9:28,189853,159.99,199.99,7
7/13/2024 17:29,174749,159.99,199.99,7
7/14/2024 1:29,170080,159.99,199.99,7
7/14/2024 9:30,199683,159.99,199.99,7
7/14/2024 17:31,193972,159.99,199.99,7
7/15/2024 1:32,175474,159.99,199.99,7
7/15/2024 9:32,144815,159.99,199.99,7
7/15/2024 17:33,145162,159.99,199.99,7
7/16/2024 1:34,84758,159.99,199.99,7
7/16/2024 7:35,89311,159.99,199.99,7
7/16/2024 13:36,110841,159.99,199.99,7
7/16/2024 21:37,88089,159.99,199.99,7
7/17/2024 3:38,128676,159.99,199.99,7
7/17/2024 11:39,168992,159.99,199.99,7
7/17/2024 19:39,166286,159.99,199.99,7
7/18/2024 3:40,196755,159.99,199.99,7
7/18/2024 11:41,150495,159.99,199.99,7
7/18/2024 19:42,157993,159.99,199.99,7
7/19/2024 3:43,172833,159.99,199.99,7
7/19/2024 11:44,184257,159.99,199.99,7
7/19/2024 19:45,167378,159.99,199.99,7
7/20/2024 3:45,181555,149.99,199.99,7
7/20/2024 11:46,193241,149.99,199.99,7
7/20/2024 19:47,94851,149.99,199.99,7
7/21/2024 1:48,110747,149.99,199.99,7
7/21/2024 9:48,100711,149.99,199.99,7
7/21/2024 17:49,110663,139.99,199.99,7
7/22/2024 1:50,132571,139.99,199.99,7
7/22/2024 9:53,100278,139.99,199.99,7
7/22/2024 17:54,114266,139.99,199.99,7
7/23/2024 1:55,144383,139.99,199.99,7
7/23/2024 9:57,111229,139.99,199.99,7
7/23/2024 17:57,121020,139.99,199.99,7
7/24/2024 1:58,91201,139.99,199.99,7
7/24/2024 7:59,124125,139.99,199.99,7
7/24/2024 16:00,132675,139.99,199.99,7
7/25/2024 0:01,135426,139.99,199.99,7
7/25/2024 8:01,125630,139.99,199.99,7
7/25/2024 16:02,134313,139.99,199.99,7
7/26/2024 0:03,62008,139.99,199.99,7
7/26/2024 6:04,95203,139.99,199.99,7
7/26/2024 12:04,118314,139.99,199.99,7
7/26/2024 20:05,114513,139.99,199.99,7
7/27/2024 4:06,141745,139.99,199.99,7
7/27/2024 12:07,161956,139.99,199.99,7
7/27/2024 20:08,144047,139.99,199.99,7
7/28/2024 4:09,91585,139.99,199.99,7
7/28/2024 10:09,124447,139.99,199.99,7
7/28/2024 18:10,89169,139.99,199.99,7
7/29/2024 0:11,101988,139.99,199.99,7
7/29/2024 8:12,159572,139.99,199.99,7
7/29/2024 16:13,103495,139.99,199.99,7
7/30/2024 0:14,118102,139.99,199.99,7
7/30/2024 8:15,72781,139.99,199.99,7
7/30/2024 14:16,98027,139.99,199.99,7
7/30/2024 20:16,104365,139.99,199.99,7
7/31/2024 4:17,131447,139.99,199.99,7
7/31/2024 12:19,126488,139.99,199.99,7
7/31/2024 20:20,142685,139.99,199.99,7
8/1/2024 4:21,169376,143.99,199.99,8
8/1/2024 12:21,187480,143.99,199.99,8
8/1/2024 20:22,168535,139.99,199.99,8
8/2/2024 4:23,119432,139.99,199.99,8
8/2/2024 12:24,153206,139.99,199.99,8
8/2/2024 20:25,145598,139.99,199.99,8
8/3/2024 4:25,62763,139.99,199.99,8
8/3/2024 10:26,78186,139.99,199.99,8
8/3/2024 16:27,91537,139.99,199.99,8
8/3/2024 22:28,101313,139.99,199.99,8
8/4/2024 6:28,67834,139.99,199.99,8
8/4/2024 12:29,71581,139.99,199.99,8
8/4/2024 18:30,76514,139.99,199.99,8
8/5/2024 0:31,85463,139.99,199.99,8
8/5/2024 6:32,67996,139.99,199.99,8
8/5/2024 12:33,92630,139.99,199.99,8
8/5/2024 18:33,91709,139.99,199.99,8
8/6/2024 0:34,107462,139.99,199.99,8
8/6/2024 8:36,130500,139.99,199.99,8
8/6/2024 16:36,144089,129.99,199.99,8
8/7/2024 0:57,150451,129.99,199.99,8
8/7/2024 8:57,136025,129.99,199.99,8
8/7/2024 16:58,111835,129.99,199.99,8
8/8/2024 1:00,102143,129.99,199.99,8
8/8/2024 9:01,98152,129.99,199.99,8
8/10/2024 3:10,66631,129.99,199.99,8
8/11/2024 3:18,64451,129.99,199.99,8
8/11/2024 9:18,48971,129.99,199.99,8
8/11/2024 15:19,57534,129.99,199.99,8
8/11/2024 21:20,59775,129.99,199.99,8
8/12/2024 3:21,83773,129.99,199.99,8
8/12/2024 9:21,40183,129.99,199.99,8
8/12/2024 15:24,46036,129.99,199.99,8
8/12/2024 21:24,51707,129.99,199.99,8
8/13/2024 3:26,72654,129.99,199.99,8
8/13/2024 9:27,61571,129.99,199.99,8
8/13/2024 15:28,52355,129.99,199.99,8
8/13/2024 21:28,58709,129.99,199.99,8
8/14/2024 3:29,31368,129.99,199.99,8
8/14/2024 9:30,26973,129.99,199.99,8
8/14/2024 15:31,31948,129.99,199.99,8
8/14/2024 21:32,32248,129.99,199.99,8
8/15/2024 3:33,35864,129.99,199.99,8
8/15/2024 9:33,26317,129.99,199.99,8
8/15/2024 15:34,32658,129.99,199.99,8
8/15/2024 21:35,29999,129.99,199.99,8
8/16/2024 3:36,27650,129.99,199.99,8
8/16/2024 9:37,31446,129.99,199.99,8
8/16/2024 15:38,31071,129.99,199.99,8
8/19/2024 11:12,31272,117.99,199.99,8
8/19/2024 20:11,35292,117.99,199.99,8
8/20/2024 2:12,42588,126.7,199.99,8
8/20/2024 8:13,40798,126.7,199.99,8
8/20/2024 15:07,42394,126.7,199.99,8
8/22/2024 4:09,38366,126.7,199.99,8
8/22/2024 10:20,28285,126.7,199.99,8
8/22/2024 16:36,35139,126.7,199.99,8
8/22/2024 22:37,34977,126.7,199.99,8
8/23/2024 4:37,36573,126.7,199.99,8
8/23/2024 10:46,38912,126.7,199.99,8
8/23/2024 23:09,36885,126.7,199.99,8
8/24/2024 5:10,32027,126.7,199.99,8
8/24/2024 11:21,41108,126.7,199.99,8
8/24/2024 17:41,36372,126.7,199.99,8
8/24/2024 23:41,36340,126.7,199.99,8
8/25/2024 5:42,18637,126.7,199.99,8
8/25/2024 9:43,19612,126.7,199.99,8
8/25/2024 13:50,18074,126.7,199.99,8
8/25/2024 17:54,19830,126.7,199.99,8
8/25/2024 22:02,23279,126.7,199.99,8
8/26/2024 4:02,25201,126.7,199.99,8
8/26/2024 10:03,24098,126.7,199.99,8
8/26/2024 16:19,27465,126.7,199.99,8
8/26/2024 22:44,27113,126.7,199.99,8
8/27/2024 4:45,21086,126.7,199.99,8
8/27/2024 10:45,26561,126.7,199.99,8
8/27/2024 17:06,34233,126.7,199.99,8
8/27/2024 23:20,38581,126.7,199.99,8
8/28/2024 5:21,36917,126.7,199.99,8
8/28/2024 17:36,47576,126.7,199.99,8
8/28/2024 23:42,35275,126.7,199.99,8
8/29/2024 5:43,35145,126.7,199.99,8
8/29/2024 11:44,35531,126.7,199.99,8
8/30/2024 0:00,32001,126.7,199.99,8
8/30/2024 6:01,32521,126.7,199.99,8
8/30/2024 18:09,30579,126.7,199.99,8
8/31/2024 0:10,32804,126.7,199.99,8
8/31/2024 6:11,32354,126.7,199.99,8
8/31/2024 12:12,31577,126.7,199.99,8
8/31/2024 18:14,28440,126.7,199.99,8
9/1/2024 0:15,25527,126.7,199.99,9
9/1/2024 6:15,23174,126.7,199.99,9
9/1/2024 12:16,22233,126.7,199.99,9
9/1/2024 18:18,24539,127.99,199.99,9
9/2/2024 0:19,25440,126.7,199.99,9
9/2/2024 6:20,26715,126.7,199.99,9
9/2/2024 12:21,34235,126.7,199.99,9
9/2/2024 18:27,36243,126.7,199.99,9
9/3/2024 0:33,26922,126.7,199.99,9
9/3/2024 6:34,23041,126.7,199.99,9
9/3/2024 12:51,24051,126.7,199.99,9
9/3/2024 19:14,22850,126.7,199.99,9
9/4/2024 1:51,18349,126.7,199.99,9
9/4/2024 5:52,16504,126.7,199.99,9
9/4/2024 9:52,22419,126.7,199.99,9
9/4/2024 16:19,22515,126.7,199.99,9
9/4/2024 22:19,17384,126.7,199.99,9
9/5/2024 2:20,13941,126.7,199.99,9
9/5/2024 6:21,14713,126.7,199.99,9
9/5/2024 10:22,17732,126.7,199.99,9
9/5/2024 19:28,19607,126.7,199.99,9
9/6/2024 3:26,21293,126.7,199.99,9
9/6/2024 9:27,18823,126.7,199.99,9
9/6/2024 13:40,22457,126.7,199.99,9
9/6/2024 19:41,23106,117.99,199.99,9
9/7/2024 2:11,26101,117.99,199.99,9
9/7/2024 8:12,36628,117.99,199.99,9
9/7/2024 14:13,41121,126.7,199.99,9
9/7/2024 20:16,34982,129.99,199.99,9
9/8/2024 2:26,32059,117.99,199.99,9
9/8/2024 8:27,37918,117.99,199.99,9
9/8/2024 14:28,44371,117.99,199.99,9
9/8/2024 20:36,43418,117.99,199.99,9
9/9/2024 2:43,46110,117.99,199.99,9
9/9/2024 8:44,57756,144.99,199.99,9
9/9/2024 14:45,35880,144.99,199.99,9
9/9/2024 20:59,37469,144.99,199.99,9
9/10/2024 3:11,53905,144.99,199.99,9
9/10/2024 9:12,62219,144.99,199.99,9
9/10/2024 15:13,63922,144.99,199.99,9
9/10/2024 21:27,65887,144.99,199.99,9
9/11/2024 3:37,40378,144.99,199.99,9
9/11/2024 9:38,56935,144.99,199.99,9
9/11/2024 16:58,64877,144.99,199.99,9
9/11/2024 23:24,70380,144.99,199.99,9
9/12/2024 5:59,80683,144.99,199.99,9
9/12/2024 12:00,100899,148.7,199.99,9
9/12/2024 20:07,92090,148.7,199.99,9
9/13/2024 2:08,76436,148,222.95,9
9/13/2024 8:20,66580,148,222.95,9
9/13/2024 14:21,76848,148,222.95,9
9/13/2024 20:25,81528,148,222.95,9
9/14/2024 2:26,65303,148,222.95,9
9/14/2024 8:37,95943,148,222.95,9
9/14/2024 14:38,97365,148,222.95,9
9/14/2024 20:39,64040,148,222.95,9
9/15/2024 2:42,87632,148,222.95,9
9/15/2024 8:47,75012,148,222.95,9
9/15/2024 14:47,85521,148,222.95,9
9/15/2024 20:49,84013,148,222.95,9
9/16/2024 2:51,113157,148,222.95,9
9/16/2024 10:52,134242,148,222.95,9
9/16/2024 18:53,87226,139.99,222.95,9
9/17/2024 1:07,106223,144.99,222.95,9
9/17/2024 9:26,139655,144.99,222.95,9
9/17/2024 17:26,126270,144.99,222.95,9
9/18/2024 2:08,144944,144.99,222.95,9
9/18/2024 10:10,78794,144.99,222.95,9
9/18/2024 16:11,96385,144.99,222.95,9
9/18/2024 22:12,99605,144.99,222.95,9
9/19/2024 4:13,122427,144.99,222.95,9
9/19/2024 12:14,60923,144.99,222.95,9
9/19/2024 18:14,65430,144.99,222.95,9
9/20/2024 0:15,40125,144.99,222.95,9
9/20/2024 6:16,55374,144.99,222.95,9
9/20/2024 12:17,44204,144.99,222.95,9
9/20/2024 18:18,44975,144.99,222.95,9
9/21/2024 0:18,37285,144.99,222.95,9
9/21/2024 6:19,41352,144.99,222.95,9
9/21/2024 12:20,52511,144.99,222.95,9
9/21/2024 18:21,54646,144.99,222.95,9
9/22/2024 0:21,44553,144.99,222.95,9
9/22/2024 6:22,75756,144.99,222.95,9
9/22/2024 12:23,85399,144.99,222.95,9
9/22/2024 18:24,83209,144.99,222.95,9
9/23/2024 0:24,64254,144.99,222.95,9
9/23/2024 6:25,63743,144.99,222.95,9
9/23/2024 12:26,69354,144.99,222.95,9
9/23/2024 18:27,73308,144.99,222.95,9
9/24/2024 0:28,36990,144.99,222.95,9
9/24/2024 6:29,48829,144.99,222.95,9
9/24/2024 12:29,38599,144.99,222.95,9
9/24/2024 18:30,31371,144.99,222.95,9
9/25/2024 0:31,38627,129.99,222.95,9
9/25/2024 6:31,39398,129.99,222.95,9
9/25/2024 12:32,45469,129.99,222.95,9
9/25/2024 18:33,47724,129.99,222.95,9
9/26/2024 0:34,30408,129.99,222.95,9
9/26/2024 6:35,28872,129.99,222.95,9
9/26/2024 12:36,28806,129.99,222.95,9
9/26/2024 18:36,25649,129.99,222.95,9
9/27/2024 0:37,22388,129.99,222.95,9
9/27/2024 6:39,22804,129.99,222.95,9
9/27/2024 12:40,18968,129.99,222.95,9
9/27/2024 16:40,18755,129.99,222.95,9
9/27/2024 20:41,18571,129.99,222.95,9
9/28/2024 0:42,21216,129.99,222.95,9
9/28/2024 6:43,24657,129.99,222.95,9
9/28/2024 12:44,18984,129.99,222.95,9
9/28/2024 16:45,21220,129.99,222.95,9
9/28/2024 22:46,29016,129.99,222.95,9
9/29/2024 4:46,31492,129.99,222.95,9
9/29/2024 10:47,31551,129.99,222.95,9
9/29/2024 16:48,33843,129.99,222.95,9
9/29/2024 22:49,25467,129.99,222.95,9
9/30/2024 4:50,30657,129.99,222.95,9
9/30/2024 10:51,35072,129.99,222.95,9
9/30/2024 16:52,29081,129.99,222.95,9
9/30/2024 23:22,22066,129.99,222.95,9
10/1/2024 11:59,37668,129.99,222.95,10
10/1/2024 18:00,40665,129.99,222.95,10
10/2/2024 0:02,40621,134.99,222.95,10
10/2/2024 12:07,50719,134.99,222.95,10
10/2/2024 18:07,42079,134.99,222.95,10
10/3/2024 0:08,31941,134.99,222.95,10
10/3/2024 6:13,35969,134.99,222.95,10
10/3/2024 12:32,34133,134.99,222.95,10
10/3/2024 18:33,35787,134.99,222.95,10
10/4/2024 0:34,37063,134.99,222.95,10
10/4/2024 6:35,30856,134.99,222.95,10
10/4/2024 12:36,21475,134.99,222.95,10
10/4/2024 18:37,24597,134.99,222.95,10
10/5/2024 0:37,34669,134.99,222.95,10
10/5/2024 6:38,31088,134.99,222.95,10
10/5/2024 12:39,29516,134.99,222.95,10
10/5/2024 18:40,28283,134.99,222.95,10
10/6/2024 0:40,34086,134.99,222.95,10
10/6/2024 6:41,39413,129.98,222.95,10
10/6/2024 12:42,56890,129.98,222.95,10
10/6/2024 18:43,53822,129.99,222.95,10
10/7/2024 0:43,47932,129.99,222.95,10
10/7/2024 6:44,32444,134.99,222.95,10
10/7/2024 12:45,50809,134.99,222.95,10
10/7/2024 18:45,41186,134.99,222.95,10
10/8/2024 0:46,32488,129.99,222.95,10
10/8/2024 6:47,37382,129.99,222.95,10
10/8/2024 12:48,43894,129.99,222.95,10
10/8/2024 18:48,40329,129.99,222.95,10
10/9/2024 0:49,26507,129.99,222.95,10
10/9/2024 6:50,29831,129.99,222.95,10
10/9/2024 12:50,36170,129.99,222.95,10
10/9/2024 18:51,41583,129.99,222.95,10
10/10/2024 0:52,40294,129.99,222.95,10
10/10/2024 6:52,54133,129.99,222.95,10
10/10/2024 12:53,66079,129.99,222.95,10
10/10/2024 18:54,66405,129.99,222.95,10
10/11/2024 1:02,55638,134.99,222.95,10
10/11/2024 7:02,48418,134.99,222.95,10
10/11/2024 13:03,48686,134.99,222.95,10
10/11/2024 19:04,45841,134.99,222.95,10
10/12/2024 7:05,55630,134.99,222.95,10
10/12/2024 13:06,65979,134.99,222.95,10
10/12/2024 19:06,52441,134.99,222.95,10
10/13/2024 1:07,62809,134.99,222.95,10
10/13/2024 7:08,84480,134.99,222.95,10
10/13/2024 13:08,89612,134.99,222.95,10
10/13/2024 19:09,83662,134.99,222.95,10
10/14/2024 1:09,90769,134.99,222.95,10
10/14/2024 7:10,66669,134.99,222.95,10
10/14/2024 13:11,81284,134.99,222.95,10
10/14/2024 19:11,79800,134.99,222.95,10
10/15/2024 1:12,72349,134.99,222.95,10
10/15/2024 7:13,76638,134.99,222.95,10
10/15/2024 13:14,87603,134.99,222.95,10
10/15/2024 19:14,85114,134.99,222.95,10
10/16/2024 1:15,57936,134.99,222.95,10
10/16/2024 7:16,64860,134.99,222.95,10
10/16/2024 13:16,40839,134.99,222.95,10
10/16/2024 19:17,48540,134.99,222.95,10
10/17/2024 1:17,62456,134.99,222.95,10
10/17/2024 7:18,78327,134.99,222.95,10
10/17/2024 13:19,94633,134.99,222.95,10
10/17/2024 19:19,90700,134.99,222.95,10
10/18/2024 1:20,68314,134.99,222.95,10
10/18/2024 7:21,89379,134.99,222.95,10
10/18/2024 13:21,72373,134.99,222.95,10
10/18/2024 19:22,76044,134.99,222.95,10
10/19/2024 1:22,44467,134.99,222.95,10
10/19/2024 7:23,66800,134.99,222.95,10
10/19/2024 13:24,75766,134.99,222.95,10
10/19/2024 19:24,76113,134.99,222.95,10
10/20/2024 1:25,53712,134.99,222.95,10
10/20/2024 7:26,71960,134.99,222.95,10
10/20/2024 13:26,84726,134.99,222.95,10
10/20/2024 19:27,81951,134.99,222.95,10
10/21/2024 1:27,101093,134.98,222.95,10
10/21/2024 9:28,68803,134.98,222.95,10
10/21/2024 15:29,66176,134.98,222.95,10
10/21/2024 21:29,76907,134.98,222.95,10
10/22/2024 3:30,68157,134.98,222.95,10
10/22/2024 9:30,63219,134.98,222.95,10
10/22/2024 15:31,72136,134.98,222.95,10
10/22/2024 21:32,74111,134.98,222.95,10
10/23/2024 3:32,97818,134.98,222.95,10
10/23/2024 9:33,62905,134.98,222.95,10
10/23/2024 15:34,78459,134.98,222.95,10
10/23/2024 21:35,57730,134.98,222.95,10
10/24/2024 3:35,51198,134.98,222.95,10
10/24/2024 9:37,40243,134.98,222.95,10
10/24/2024 15:38,50242,134.98,222.95,10
10/24/2024 21:39,56382,134.99,222.95,10
10/25/2024 3:39,53784,134.99,222.95,10
10/25/2024 9:40,49852,134.99,222.95,10
10/25/2024 15:41,59942,134.99,222.95,10
10/25/2024 21:41,70887,134.99,222.95,10
10/26/2024 3:42,49217,130.99,222.95,10
10/26/2024 9:43,58700,130.99,222.95,10
10/26/2024 15:44,70013,130.99,222.95,10
10/26/2024 21:44,70356,130.99,222.95,10
10/27/2024 3:45,85011,130.99,222.95,10
10/27/2024 9:46,85997,140,222.95,10
10/27/2024 15:47,65958,130.99,222.95,10
10/27/2024 21:47,53123,134.98,222.95,10
10/28/2024 3:48,77822,134.98,222.95,10
10/28/2024 9:48,97985,134.99,222.95,10
10/28/2024 15:49,61941,134.99,222.95,10
10/28/2024 21:50,67562,130.99,222.95,10
10/29/2024 3:50,73032,140,222.95,10
10/29/2024 9:51,72115,130.99,222.95,10
10/29/2024 15:52,77602,130.99,222.95,10
10/29/2024 21:53,84740,130.99,222.95,10
10/30/2024 3:53,97655,130.99,222.95,10
10/30/2024 9:54,88980,130.99,222.95,10
10/30/2024 15:55,72794,130.99,222.95,10
10/30/2024 21:56,85081,130.99,222.95,10
10/31/2024 3:56,76047,130.99,222.95,10
10/31/2024 9:57,66939,130.99,222.95,10
10/31/2024 15:58,74905,130.99,222.95,10
10/31/2024 21:59,76848,130.99,222.95,10
11/1/2024 3:59,45534,130.99,222.95,11
11/1/2024 10:00,41207,130.99,222.95,11
11/1/2024 16:01,56477,139.7,222.95,11
11/1/2024 22:01,64002,139.7,222.95,11
11/2/2024 4:02,92499,139.69,222.95,11
11/2/2024 10:03,103716,138.99,222.95,11
11/2/2024 18:03,103283,130.28,222.95,11
11/3/2024 2:04,64779,130.28,222.95,11
11/3/2024 8:05,54382,130.28,222.95,11
11/3/2024 14:06,81530,130.28,222.95,11
11/3/2024 20:06,81178,130.28,222.95,11
11/4/2024 2:07,63799,130.28,222.95,11
11/4/2024 8:08,84380,130.28,222.95,11
11/4/2024 14:09,95436,130.28,222.95,11
11/4/2024 20:09,95769,138.99,222.95,11
11/5/2024 2:10,49491,130.28,222.95,11
11/5/2024 8:10,70353,138.99,222.95,11
11/5/2024 14:11,86533,129.99,222.95,11
11/5/2024 20:12,85977,129.99,222.95,11
11/6/2024 2:12,101941,129.99,222.95,11
11/6/2024 10:13,53711,129.99,222.95,11
11/6/2024 16:14,60621,129.99,222.95,11
11/6/2024 22:14,48986,129.99,222.95,11
11/7/2024 4:15,66922,138.7,222.95,11
11/7/2024 10:16,63513,138.7,222.95,11
11/7/2024 16:17,74983,138.7,222.95,11
11/7/2024 22:27,37539,129.99,222.95,11
11/8/2024 4:32,40047,129.99,222.95,11
11/8/2024 10:32,50874,129.99,222.95,11
11/8/2024 16:33,58936,129.99,222.95,11
11/8/2024 22:33,66383,129.99,222.95,11
11/9/2024 4:34,87101,129.99,222.95,11
11/9/2024 10:35,101378,129.99,222.95,11
11/9/2024 18:35,62989,129.99,222.95,11
11/10/2024 0:36,48176,129.99,222.95,11
11/10/2024 6:37,48654,129.99,222.95,11
11/10/2024 12:38,60598,129.99,222.95,11
11/10/2024 18:38,68434,129.99,222.95,11
11/11/2024 0:39,73158,129.99,222.95,11
11/11/2024 6:40,55774,129.99,222.95,11
11/11/2024 12:41,61475,129.99,222.95,11
11/11/2024 18:41,64078,129.99,222.95,11
11/12/2024 0:42,60201,129.99,222.95,11
11/12/2024 6:43,63939,115,222.95,11
11/12/2024 12:44,64816,115,222.95,11
11/12/2024 18:45,66426,129.99,223.95,11
11/13/2024 0:47,89062,129.99,223.95,11
11/13/2024 6:47,99735,129.99,223.95,11
11/13/2024 12:48,86407,129.99,223.95,11
11/13/2024 18:51,86742,129.99,223.95,11
11/14/2024 0:52,88200,129.99,223.95,11
11/14/2024 7:04,64435,129.99,223.95,11
11/14/2024 13:05,91801,129.99,223.95,11
11/14/2024 19:06,91289,129.99,223.95,11
11/15/2024 1:06,108093,129.99,223.95,11
11/15/2024 9:07,138537,129.99,223.95,11
11/15/2024 17:08,138589,129.99,223.95,11
11/16/2024 1:08,134879,129.99,223.95,11
11/16/2024 9:09,63512,129.99,223.95,11
11/16/2024 15:10,78687,129.99,223.95,11
11/16/2024 21:11,79294,129.99,223.95,11
11/17/2024 3:11,74689,129.99,223.95,11
11/17/2024 9:12,43322,129.99,223.95,11
11/17/2024 15:13,46663,129.99,223.95,11
11/17/2024 21:13,41609,129.99,223.95,11
11/18/2024 3:14,40557,129.99,223.95,11
11/18/2024 9:15,48516,129.99,223.95,11
11/18/2024 15:16,55672,129.99,223.95,11
11/18/2024 21:16,57769,129.99,223.95,11
11/19/2024 3:17,68021,129.99,223.95,11
11/19/2024 9:18,85790,129.99,223.95,11
11/19/2024 15:18,93258,129.99,223.95,11
11/19/2024 21:19,90546,129.99,223.95,11
11/20/2024 3:20,103427,129.99,223.95,11
11/20/2024 11:20,60703,129.99,223.95,11
11/20/2024 17:21,70182,129.99,223.95,11
11/20/2024 23:21,72267,129.99,223.95,11
11/21/2024 5:22,60758,129.99,223.95,11
11/21/2024 11:23,62091,129.99,223.95,11
11/21/2024 17:23,72600,129.99,223.95,11
11/21/2024 23:31,75315,129.99,223.95,11
11/22/2024 5:32,97955,129.99,223.95,11
11/22/2024 11:32,115582,129.99,223.95,11
11/22/2024 19:33,113773,129.99,223.95,11
11/23/2024 3:53,80292,132.99,223.95,11
11/23/2024 9:53,103287,132.99,223.95,11
11/23/2024 17:54,112897,132.99,223.95,11
11/24/2024 1:55,137816,132.99,223.95,11
11/24/2024 9:55,163494,132.99,223.95,11
11/24/2024 17:56,152736,132.99,223.95,11
11/25/2024 1:57,170104,132.99,223.95,11
11/25/2024 9:58,117960,132.99,223.95,11
11/25/2024 17:58,134027,132.99,223.95,11
11/26/2024 2:02,153111,132.99,223.95,11
11/26/2024 10:03,116529,132.99,223.95,11
11/26/2024 18:04,128468,132.99,223.95,11
11/27/2024 2:04,160874,132.99,223.95,11
11/27/2024 10:05,186059,132.99,223.95,11
11/27/2024 18:06,121133,132.99,223.95,11
11/28/2024 2:06,147144,132.99,223.95,11
11/28/2024 10:07,82024,132.99,223.95,11
11/28/2024 16:07,126776,132.98,223.95,11
11/29/2024 0:08,75223,132.95,223.95,11
11/29/2024 6:09,53658,132.95,223.95,11
11/29/2024 12:10,55375,132.95,223.95,11
11/29/2024 18:10,65203,141.95,223.95,11
11/30/2024 0:11,29339,129.99,223.95,11
11/30/2024 6:12,35022,129.99,223.95,11
11/30/2024 12:13,38033,129.99,223.95,11
11/30/2024 18:14,39389,129.99,223.95,11
12/1/2024 0:14,37411,129.99,223.95,12
12/1/2024 6:15,46619,129.99,223.95,12
12/1/2024 12:16,50756,129.99,223.95,12
12/1/2024 18:17,53431,129.99,223.95,12
12/2/2024 0:18,50673,115.99,223.95,12
12/2/2024 6:19,32164,115.99,223.95,12
12/2/2024 12:19,34285,120,223.95,12
12/2/2024 18:20,37313,128.97,223.95,12
12/3/2024 0:21,27552,132.98,223.95,12
12/3/2024 6:23,27258,142.98,223.95,12
12/3/2024 12:24,30865,142.98,223.95,12
12/3/2024 18:25,29388,142.98,223.95,12
12/4/2024 0:25,25004,142.98,223.95,12
12/4/2024 6:28,27807,142.98,223.95,12
12/4/2024 12:29,30327,142.98,223.95,12
12/4/2024 18:30,27320,142.98,223.95,12
12/5/2024 0:31,32289,125.99,223.95,12
12/5/2024 6:31,23462,125.99,223.95,12
12/5/2024 12:32,24653,142.98,223.95,12
12/5/2024 18:33,26067,133.99,223.95,12
12/6/2024 0:40,31525,142,223.95,12
12/6/2024 6:44,36896,142,223.95,12
12/6/2024 12:45,29420,142,223.95,12
12/6/2024 18:46,31239,142,223.95,12
12/7/2024 0:48,39862,142,223.95,12
12/7/2024 6:49,42642,142,223.95,12
12/7/2024 12:50,45918,141,223.95,12
12/7/2024 18:50,46010,141,223.95,12
12/8/2024 0:51,44552,139,223.95,12
12/8/2024 6:52,37266,139,223.95,12
12/8/2024 12:53,36160,139,223.95,12
12/8/2024 18:53,35843,139,223.95,12
12/9/2024 0:54,36154,139,223.95,12
12/9/2024 6:55,43451,139,223.95,12
12/9/2024 12:56,42236,139,223.95,12
12/9/2024 18:57,41143,139,223.95,12
12/10/2024 0:57,39032,139,223.95,12
12/10/2024 6:58,33297,139,223.95,12
12/10/2024 13:00,35840,139,223.95,12
12/10/2024 19:01,38135,139,223.95,12
12/11/2024 1:02,30621,139,223.95,12
12/11/2024 7:03,24880,139,223.95,12
12/11/2024 13:03,22871,139,223.95,12
12/11/2024 19:04,22918,139,223.95,12
12/12/2024 1:05,24105,139,223.95,12
12/12/2024 7:06,30260,138,223.95,12
12/12/2024 13:06,28002,139,223.95,12
12/12/2024 19:08,25377,138,223.95,12
12/13/2024 1:09,26546,138,223.95,12
12/13/2024 7:10,28890,138,223.95,12
12/13/2024 13:11,28000,138,223.95,12
12/13/2024 19:11,29556,138,223.95,12
12/14/2024 1:12,36951,138,223.95,12
12/14/2024 7:13,38783,137.95,223.95,12
12/14/2024 13:14,40375,137.95,223.95,12
12/14/2024 19:15,34225,137.95,223.95,12
12/15/2024 1:16,35457,137.95,223.95,12
12/15/2024 7:16,36656,137.95,223.95,12
12/15/2024 13:17,28048,137.95,223.95,12
12/15/2024 19:18,31993,137.95,223.95,12
12/16/2024 1:19,45361,137.95,223.95,12
12/16/2024 7:19,42839,137.95,223.95,12
12/16/2024 13:20,39341,137.95,223.95,12
12/16/2024 19:21,38122,137.95,223.95,12
12/17/2024 1:22,41676,137.95,223.95,12
12/17/2024 7:23,35600,137.95,223.95,12
12/17/2024 13:24,36500,137.95,223.95,12
12/17/2024 19:24,39451,137.95,223.95,12
12/18/2024 1:25,44637,136.98,223.95,12
12/18/2024 7:25,44975,136.98,223.95,12
12/18/2024 13:26,48177,136.98,223.95,12
12/18/2024 19:27,49458,136.98,223.95,12
12/19/2024 1:28,37727,136.98,223.95,12
12/19/2024 7:28,39606,136.98,223.95,12
12/19/2024 13:29,40487,136.98,223.95,12
12/19/2024 19:30,39731,136.98,223.95,12
12/20/2024 1:30,37865,136.98,223.95,12
12/20/2024 7:31,43614,136.98,223.95,12
12/20/2024 13:32,36305,136.98,223.95,12
12/20/2024 19:32,33228,136,223.95,12
12/21/2024 1:33,32628,136,223.95,12
12/21/2024 7:33,36192,136,223.95,12
12/21/2024 13:34,28238,136,223.95,12
12/21/2024 19:35,31523,136,223.95,12
12/22/2024 1:36,31569,136,223.95,12
12/22/2024 7:36,30324,136,223.95,12
12/22/2024 13:37,34044,136.98,223.95,12
12/22/2024 19:38,34935,136.79,223.95,12
12/23/2024 1:39,22656,136.79,223.95,12
12/23/2024 7:39,23090,136.79,223.95,12
12/23/2024 13:40,26556,136.79,223.95,12
12/23/2024 19:41,24273,136.79,223.95,12
12/24/2024 1:41,22838,136.79,223.95,12
12/24/2024 7:42,25209,136.79,223.95,12
12/24/2024 13:42,20569,136.79,223.95,12
12/24/2024 19:43,21443,136.16,238.95,12
12/25/2024 1:44,21552,136.98,238.95,12
12/25/2024 7:45,25427,137.57,238.95,12
12/25/2024 13:45,30445,136.16,238.95,12
12/25/2024 19:46,31460,136.98,238.95,12
12/26/2024 1:46,24783,136.98,238.95,12
12/26/2024 7:47,24744,136.98,238.95,12
12/26/2024 13:48,22964,136.98,238.95,12
12/26/2024 19:48,19065,136.98,238.95,12
12/26/2024 23:49,22762,136.98,238.95,12
12/27/2024 5:49,21251,136.98,238.95,12
12/27/2024 11:50,17156,136.98,238.95,12
12/27/2024 15:51,19362,136.98,238.95,12
12/27/2024 19:51,18070,136.98,238.95,12
12/27/2024 23:52,19492,136.98,238.95,12
12/28/2024 3:53,14213,136.98,238.95,12
12/28/2024 7:53,13708,136.98,238.95,12
12/28/2024 11:54,16587,136.98,238.95,12
12/28/2024 15:55,18622,136.98,238.95,12
12/28/2024 19:56,19494,136.98,238.95,12
12/28/2024 23:56,15892,136.98,238.95,12
12/29/2024 3:57,15486,136.98,238.95,12
12/29/2024 7:58,13243,136.98,230.95,12
12/29/2024 11:58,14990,136.98,230.95,12
12/29/2024 15:59,15878,136.98,230.95,12
12/29/2024 20:00,16374,136.98,230.95,12
12/30/2024 0:00,14851,137.57,230.95,12
12/30/2024 4:01,14361,136.15,230.95,12
12/30/2024 8:01,11905,136.98,230.95,12
12/30/2024 12:02,12866,136.98,230.95,12
12/30/2024 16:03,16333,136.97,230.95,12
12/30/2024 20:03,17090,136.99,230.95,12
12/31/2024 0:04,16290,136.99,230.95,12
12/31/2024 4:04,15831,136.99,230.95,12
12/31/2024 8:05,16969,136.99,230.95,12
12/31/2024 12:06,15077,136.98,230.95,12
12/31/2024 16:07,16791,137.26,229.95,12
12/31/2024 20:07,15873,136.99,229.95,12
12/31/2024 20:31,15873,136.99,229.95,12
